source	examination_accounts
code/Construct	/tmp/q3-source-build-scripts-examination.md
code/Makefile	/tmp/q3-source-build-scripts-examination.md
code/botlib/aasfile.h	/tmp/q3-aas-parity-queries-8hVpJ8/source-file-eof.tsv
code/botlib/be_aas_bsp.h	/tmp/q3-aas-parity-queries-8hVpJ8/source-file-eof.tsv
code/botlib/be_aas_bspq3.c	/tmp/q3-aas-parity-queries-8hVpJ8/source-file-eof.tsv
code/botlib/be_aas_cluster.c	/tmp/q3-aas-parity-queries-8hVpJ8/source-file-eof.tsv
code/botlib/be_aas_cluster.h	/tmp/q3-aas-parity-queries-8hVpJ8/source-file-eof.tsv
code/botlib/be_aas_debug.c	/tmp/q3-aas-parity-queries-8hVpJ8/source-file-eof.tsv
code/botlib/be_aas_debug.h	/tmp/q3-aas-parity-queries-8hVpJ8/source-file-eof.tsv
code/botlib/be_aas_def.h	/tmp/q3-aas-parity-queries-8hVpJ8/source-file-eof.tsv
code/botlib/be_aas_entity.c	/tmp/q3-aas-parity-queries-8hVpJ8/source-file-eof.tsv
code/botlib/be_aas_entity.h	/tmp/q3-aas-parity-queries-8hVpJ8/source-file-eof.tsv
code/botlib/be_aas_file.c	/tmp/q3-aas-parity-queries-8hVpJ8/source-file-eof.tsv
code/botlib/be_aas_file.h	/tmp/q3-aas-parity-queries-8hVpJ8/source-file-eof.tsv
code/botlib/be_aas_funcs.h	/tmp/q3-aas-parity-queries-8hVpJ8/source-file-eof.tsv
code/botlib/be_aas_main.c	/tmp/q3-aas-parity-queries-8hVpJ8/source-file-eof.tsv
code/botlib/be_aas_main.h	/tmp/q3-aas-parity-queries-8hVpJ8/source-file-eof.tsv
code/botlib/be_aas_move.c	/tmp/q3-aas-parity-queries-8hVpJ8/source-file-eof.tsv
code/botlib/be_aas_move.h	/tmp/q3-aas-parity-queries-8hVpJ8/source-file-eof.tsv
code/botlib/be_aas_optimize.c	/tmp/q3-aas-parity-queries-8hVpJ8/source-file-eof.tsv
code/botlib/be_aas_optimize.h	/tmp/q3-aas-parity-queries-8hVpJ8/source-file-eof.tsv
code/botlib/be_aas_reach.c	/tmp/q3-aas-parity-queries-8hVpJ8/source-file-eof.tsv
code/botlib/be_aas_reach.h	/tmp/q3-aas-parity-queries-8hVpJ8/source-file-eof.tsv
code/botlib/be_aas_route.c	/tmp/q3-aas-parity-queries-8hVpJ8/source-file-eof.tsv
code/botlib/be_aas_route.h	/tmp/q3-aas-parity-queries-8hVpJ8/source-file-eof.tsv
code/botlib/be_aas_routealt.c	/tmp/q3-aas-parity-queries-8hVpJ8/source-file-eof.tsv
code/botlib/be_aas_routealt.h	/tmp/q3-aas-parity-queries-8hVpJ8/source-file-eof.tsv
code/botlib/be_aas_sample.c	/tmp/q3-aas-parity-queries-8hVpJ8/source-file-eof.tsv
code/botlib/be_aas_sample.h	/tmp/q3-aas-parity-queries-8hVpJ8/source-file-eof.tsv
code/botlib/be_ai_char.c	/tmp/q3-bot-services-source-ledger.tsv
code/botlib/be_ai_chat.c	/tmp/q3-bot-services-source-ledger.tsv
code/botlib/be_ai_gen.c	/tmp/q3-bot-services-source-ledger.tsv
code/botlib/be_ai_goal.c	/tmp/q3-bot-services-source-ledger.tsv
code/botlib/be_ai_move.c	/tmp/q3-bot-services-source-ledger.tsv
code/botlib/be_ai_weap.c	/tmp/q3-bot-services-source-ledger.tsv
code/botlib/be_ai_weight.c	/tmp/q3-bot-services-source-ledger.tsv
code/botlib/be_ai_weight.h	/tmp/q3-bot-services-source-ledger.tsv
code/botlib/be_ea.c	/tmp/quake3-bot-support-wholefile-20260909.md
code/botlib/be_interface.c	/tmp/quake3-bot-support-wholefile-20260909.md
code/botlib/be_interface.h	/tmp/quake3-bot-support-wholefile-20260909.md
code/botlib/l_crc.c	/tmp/quake3-bot-support-wholefile-20260909.md
code/botlib/l_crc.h	/tmp/quake3-bot-support-wholefile-20260909.md
code/botlib/l_libvar.c	/tmp/quake3-bot-support-wholefile-20260909.md
code/botlib/l_libvar.h	/tmp/quake3-bot-support-wholefile-20260909.md
code/botlib/l_log.c	/tmp/quake3-bot-support-wholefile-20260909.md
code/botlib/l_log.h	/tmp/quake3-bot-support-wholefile-20260909.md
code/botlib/l_memory.c	/tmp/quake3-bot-support-wholefile-20260909.md
code/botlib/l_memory.h	/tmp/quake3-bot-support-wholefile-20260909.md
code/botlib/l_precomp.c	/tmp/quake3-bot-support-wholefile-20260909.md
code/botlib/l_precomp.h	/tmp/quake3-bot-support-wholefile-20260909.md
code/botlib/l_script.c	/tmp/quake3-bot-support-wholefile-20260909.md
code/botlib/l_script.h	/tmp/quake3-bot-support-wholefile-20260909.md
code/botlib/l_struct.c	/tmp/quake3-bot-support-wholefile-20260909.md
code/botlib/l_struct.h	/tmp/quake3-bot-support-wholefile-20260909.md
code/botlib/l_utils.h	/tmp/quake3-bot-support-wholefile-20260909.md
code/botlib/lcc.mak	/tmp/q3-source-build-scripts-examination.md
code/botlib/linux-i386.mak	/tmp/q3-source-build-scripts-examination.md
code/bspc/Conscript	/tmp/q3-source-build-scripts-examination.md
code/bspc/Makefile	/tmp/q3-source-build-scripts-examination.md
code/bspc/_files.c	/tmp/q3-bspc-io-examination.md
code/bspc/aas_areamerging.c	/tmp/q3-bspc-a-k-examination.md
code/bspc/aas_areamerging.h	/tmp/q3-bspc-a-k-examination.md
code/bspc/aas_cfg.c	/tmp/q3-bspc-a-k-examination.md
code/bspc/aas_cfg.h	/tmp/q3-bspc-a-k-examination.md
code/bspc/aas_create.c	/tmp/q3-bspc-a-k-examination.md
code/bspc/aas_create.h	/tmp/q3-bspc-a-k-examination.md
code/bspc/aas_edgemelting.c	/tmp/q3-bspc-a-k-examination.md
code/bspc/aas_edgemelting.h	/tmp/q3-bspc-a-k-examination.md
code/bspc/aas_facemerging.c	/tmp/q3-bspc-a-k-examination.md
code/bspc/aas_facemerging.h	/tmp/q3-bspc-a-k-examination.md
code/bspc/aas_file.c	/tmp/q3-bspc-a-k-examination.md
code/bspc/aas_file.h	/tmp/q3-bspc-a-k-examination.md
code/bspc/aas_gsubdiv.c	/tmp/q3-bspc-a-k-examination.md
code/bspc/aas_gsubdiv.h	/tmp/q3-bspc-a-k-examination.md
code/bspc/aas_map.c	/tmp/q3-bspc-a-k-examination.md
code/bspc/aas_map.h	/tmp/q3-bspc-a-k-examination.md
code/bspc/aas_prunenodes.c	/tmp/q3-bspc-a-k-examination.md
code/bspc/aas_prunenodes.h	/tmp/q3-bspc-a-k-examination.md
code/bspc/aas_store.c	/tmp/q3-bspc-a-k-examination.md
code/bspc/aas_store.h	/tmp/q3-bspc-a-k-examination.md
code/bspc/aasfile.h	/tmp/q3-bspc-a-k-examination.md
code/bspc/be_aas_bspc.c	/tmp/q3-bspc-a-k-examination.md
code/bspc/be_aas_bspc.h	/tmp/q3-bspc-a-k-examination.md
code/bspc/brushbsp.c	/tmp/q3-bspc-a-k-examination.md
code/bspc/bspc.c	/tmp/q3-bspc-a-k-examination.md
code/bspc/cfgq3.c	/tmp/q3-bspc-a-k-examination.md
code/bspc/csg.c	/tmp/q3-bspc-a-k-examination.md
code/bspc/faces.c	/tmp/q3-bspc-a-k-examination.md
code/bspc/gldraw.c	/tmp/q3-bspc-a-k-examination.md
code/bspc/glfile.c	/tmp/q3-bspc-a-k-examination.md
code/bspc/l_bsp_ent.c	/tmp/q3-bspc-io-examination.md
code/bspc/l_bsp_ent.h	/tmp/q3-bspc-io-examination.md
code/bspc/l_bsp_hl.c	/tmp/q3-bspc-io-examination.md
code/bspc/l_bsp_hl.h	/tmp/q3-bspc-io-examination.md
code/bspc/l_bsp_q1.c	/tmp/q3-bspc-io-examination.md
code/bspc/l_bsp_q1.h	/tmp/q3-bspc-io-examination.md
code/bspc/l_bsp_q2.c	/tmp/q3-bspc-io-examination.md
code/bspc/l_bsp_q2.h	/tmp/q3-bspc-io-examination.md
code/bspc/l_bsp_q3.c	/tmp/q3-bspc-io-examination.md
code/bspc/l_bsp_q3.h	/tmp/q3-bspc-io-examination.md
code/bspc/l_bsp_sin.c	/tmp/q3-bspc-io-examination.md
code/bspc/l_bsp_sin.h	/tmp/q3-bspc-io-examination.md
code/bspc/l_cmd.c	/tmp/q3-bspc-io-examination.md
code/bspc/l_cmd.h	/tmp/q3-bspc-io-examination.md
code/bspc/l_log.c	/tmp/q3-bspc-io-examination.md
code/bspc/l_log.h	/tmp/q3-bspc-io-examination.md
code/bspc/l_math.c	/tmp/q3-bspc-io-examination.md
code/bspc/l_math.h	/tmp/q3-bspc-io-examination.md
code/bspc/l_mem.c	/tmp/q3-bspc-io-examination.md
code/bspc/l_mem.h	/tmp/q3-bspc-io-examination.md
code/bspc/l_poly.c	/tmp/q3-bspc-io-examination.md
code/bspc/l_poly.h	/tmp/q3-bspc-io-examination.md
code/bspc/l_qfiles.c	/tmp/q3-bspc-io-examination.md
code/bspc/l_qfiles.h	/tmp/q3-bspc-io-examination.md
code/bspc/l_threads.c	/tmp/q3-bspc-io-examination.md
code/bspc/l_threads.h	/tmp/q3-bspc-io-examination.md
code/bspc/l_utils.c	/tmp/q3-bspc-io-examination.md
code/bspc/l_utils.h	/tmp/q3-bspc-io-examination.md
code/bspc/lcc.mak	/tmp/q3-source-build-scripts-examination.md
code/bspc/leakfile.c	/tmp/q3-bspc-io-examination.md
code/bspc/linux-i386.mak	/tmp/q3-source-build-scripts-examination.md
code/bspc/map.c	/tmp/q3-bspc-io-examination.md
code/bspc/map_hl.c	/tmp/q3-bspc-io-examination.md
code/bspc/map_q1.c	/tmp/q3-bspc-io-examination.md
code/bspc/map_q2.c	/tmp/q3-bspc-io-examination.md
code/bspc/map_q3.c	/tmp/q3-bspc-io-examination.md
code/bspc/map_sin.c	/tmp/q3-bspc-io-examination.md
code/bspc/nodraw.c	/tmp/q3-bspc-io-examination.md
code/bspc/portals.c	/tmp/q3-bspc-io-examination.md
code/bspc/prtfile.c	/tmp/q3-bspc-io-examination.md
code/bspc/q2files.h	/tmp/q3-bspc-io-examination.md
code/bspc/q3files.h	/tmp/q3-bspc-io-examination.md
code/bspc/qbsp.h	/tmp/q3-bspc-io-examination.md
code/bspc/qfiles.h	/tmp/q3-bspc-io-examination.md
code/bspc/sinfiles.h	/tmp/q3-bspc-io-examination.md
code/bspc/tetrahedron.c	/tmp/q3-bspc-io-examination.md
code/bspc/tetrahedron.h	/tmp/q3-bspc-io-examination.md
code/bspc/textures.c	/tmp/q3-bspc-io-examination.md
code/bspc/tree.c	/tmp/q3-bspc-io-examination.md
code/bspc/writebsp.c	/tmp/q3-bspc-io-examination.md
code/cgame/Conscript	/tmp/q3-source-build-scripts-examination.md
code/cgame/cg_consolecmds.c	/tmp/q3-cgame-parity-WfUNqF/coverage.md
code/cgame/cg_draw.c	/tmp/q3-cgame-parity-WfUNqF/coverage.md
code/cgame/cg_drawtools.c	/tmp/q3-cgame-parity-WfUNqF/coverage.md
code/cgame/cg_effects.c	/tmp/q3-cgame-parity-WfUNqF/coverage.md
code/cgame/cg_ents.c	/tmp/q3-cgame-parity-WfUNqF/coverage.md
code/cgame/cg_event.c	/tmp/q3-cgame-parity-WfUNqF/coverage.md
code/cgame/cg_info.c	/tmp/q3-cgame-parity-WfUNqF/coverage.md
code/cgame/cg_local.h	/tmp/q3-cgame-parity-WfUNqF/coverage.md
code/cgame/cg_localents.c	/tmp/q3-cgame-parity-WfUNqF/coverage.md
code/cgame/cg_main.c	/tmp/q3-cgame-parity-WfUNqF/coverage.md
code/cgame/cg_marks.c	/tmp/q3-cgame-parity-WfUNqF/coverage.md
code/cgame/cg_newdraw.c	/tmp/q3-cgame-parity-WfUNqF/coverage.md
code/cgame/cg_particles.c	/tmp/q3-cgame-parity-WfUNqF/coverage.md
code/cgame/cg_players.c	/tmp/q3-cgame-parity-WfUNqF/coverage.md
code/cgame/cg_playerstate.c	/tmp/q3-cgame-parity-WfUNqF/coverage.md
code/cgame/cg_predict.c	/tmp/q3-cgame-parity-WfUNqF/coverage.md
code/cgame/cg_public.h	/tmp/q3-cgame-parity-WfUNqF/coverage.md
code/cgame/cg_scoreboard.c	/tmp/q3-cgame-parity-WfUNqF/coverage.md
code/cgame/cg_servercmds.c	/tmp/q3-cgame-parity-WfUNqF/coverage.md
code/cgame/cg_snapshot.c	/tmp/q3-cgame-parity-WfUNqF/coverage.md
code/cgame/cg_syscalls.asm	/tmp/quake3-vm-declarations-6FJhXf/ledger.json
code/cgame/cg_syscalls.c	/tmp/q3-cgame-parity-WfUNqF/coverage.md
code/cgame/cg_view.c	/tmp/q3-cgame-parity-WfUNqF/coverage.md
code/cgame/cg_weapons.c	/tmp/q3-cgame-parity-WfUNqF/coverage.md
code/cgame/cgame.bat	/tmp/q3-source-build-scripts-examination.md
code/cgame/cgame.sh	/tmp/q3-source-build-scripts-examination.md
code/cgame/cgame_ta.bat	/tmp/q3-source-build-scripts-examination.md
code/cgame/cgame_ta.sh	/tmp/q3-source-build-scripts-examination.md
code/cgame/tr_types.h	/tmp/q3-cgame-parity-WfUNqF/coverage.md
code/clean.bat	/tmp/q3-source-build-scripts-examination.md
code/client/cl_cgame.c	/tmp/quake3-client-eof-CmwoTK/EXAMINATION.md
code/client/cl_cin.c	/tmp/parity-audio-source-accounting.md
code/client/cl_console.c	/tmp/quake3-client-eof-CmwoTK/EXAMINATION.md
code/client/cl_input.c	/tmp/quake3-client-eof-CmwoTK/EXAMINATION.md
code/client/cl_keys.c	/tmp/quake3-client-eof-CmwoTK/EXAMINATION.md
code/client/cl_main.c	/tmp/quake3-client-eof-CmwoTK/EXAMINATION.md
code/client/cl_net_chan.c	/tmp/quake3-client-eof-CmwoTK/EXAMINATION.md
code/client/cl_parse.c	/tmp/quake3-client-eof-CmwoTK/EXAMINATION.md
code/client/cl_scrn.c	/tmp/quake3-client-eof-CmwoTK/EXAMINATION.md
code/client/cl_ui.c	/tmp/quake3-client-eof-CmwoTK/EXAMINATION.md
code/client/client.h	/tmp/quake3-client-eof-CmwoTK/EXAMINATION.md
code/client/keys.h	/tmp/quake3-client-eof-CmwoTK/EXAMINATION.md
code/client/snd_adpcm.c	/tmp/parity-audio-source-accounting.md
code/client/snd_dma.c	/tmp/parity-audio-source-accounting.md
code/client/snd_local.h	/tmp/parity-audio-source-accounting.md
code/client/snd_mem.c	/tmp/parity-audio-source-accounting.md
code/client/snd_mix.c	/tmp/parity-audio-source-accounting.md
code/client/snd_public.h	/tmp/parity-audio-source-accounting.md
code/client/snd_wavelet.c	/tmp/parity-audio-source-accounting.md
code/game/Conscript	/tmp/q3-source-build-scripts-examination.md
code/game/ai_chat.c	/tmp/q3-game-ai-parity-Zb8ZMT/whole-file-closure.tsv
code/game/ai_chat.h	/tmp/q3-game-ai-parity-Zb8ZMT/whole-file-closure.tsv
code/game/ai_cmd.c	/tmp/q3-game-ai-parity-Zb8ZMT/whole-file-closure.tsv
code/game/ai_cmd.h	/tmp/q3-game-ai-parity-Zb8ZMT/whole-file-closure.tsv
code/game/ai_dmnet.c	/tmp/q3-game-ai-parity-Zb8ZMT/whole-file-closure.tsv
code/game/ai_dmnet.h	/tmp/q3-game-ai-parity-Zb8ZMT/whole-file-closure.tsv
code/game/ai_dmq3.c	/tmp/q3-game-ai-parity-Zb8ZMT/whole-file-closure.tsv
code/game/ai_dmq3.h	/tmp/q3-game-ai-parity-Zb8ZMT/whole-file-closure.tsv
code/game/ai_main.c	/tmp/q3-game-ai-parity-Zb8ZMT/whole-file-closure.tsv
code/game/ai_main.h	/tmp/q3-game-ai-parity-Zb8ZMT/whole-file-closure.tsv
code/game/ai_team.c	/tmp/q3-game-ai-parity-Zb8ZMT/whole-file-closure.tsv
code/game/ai_team.h	/tmp/q3-game-ai-parity-Zb8ZMT/whole-file-closure.tsv
code/game/ai_vcmd.c	/tmp/q3-game-ai-parity-Zb8ZMT/whole-file-closure.tsv
code/game/ai_vcmd.h	/tmp/q3-game-ai-parity-Zb8ZMT/whole-file-closure.tsv
code/game/be_aas.h	/tmp/q3-aas-parity-queries-8hVpJ8/source-file-eof.tsv
code/game/be_ai_char.h	/tmp/q3-bot-services-source-ledger.tsv
code/game/be_ai_chat.h	/tmp/q3-bot-services-source-ledger.tsv
code/game/be_ai_gen.h	/tmp/q3-bot-services-source-ledger.tsv
code/game/be_ai_goal.h	/tmp/q3-bot-services-source-ledger.tsv
code/game/be_ai_move.h	/tmp/q3-bot-services-source-ledger.tsv
code/game/be_ai_weap.h	/tmp/q3-bot-services-source-ledger.tsv
code/game/be_ea.h	/tmp/quake3-bot-support-wholefile-20260909.md
code/game/bg_lib.c	/tmp/q3-shared-parity-notes.md
code/game/bg_lib.h	/tmp/q3-shared-parity-notes.md
code/game/bg_local.h	/tmp/q3-shared-parity-notes.md
code/game/bg_misc.c	/tmp/q3-shared-parity-notes.md
code/game/bg_pmove.c	/tmp/q3-shared-parity-notes.md
code/game/bg_public.h	/tmp/q3-shared-parity-notes.md
code/game/bg_slidemove.c	/tmp/q3-shared-parity-notes.md
code/game/botlib.h	/tmp/quake3-bot-support-wholefile-20260909.md
code/game/chars.h	/tmp/q3-bot-services-source-ledger.tsv
code/game/g_active.c	/tmp/q3-game-core-parity-notes.md
code/game/g_arenas.c	/tmp/q3-game-source-completion-entities-4sA06y/examined.tsv
code/game/g_bot.c	/tmp/q3-game-bot-eof-jtNgu1/whole-file-closure.tsv
code/game/g_client.c	/tmp/q3-game-core-parity-notes.md
code/game/g_cmds.c	/tmp/q3-game-core-parity-notes.md
code/game/g_combat.c	/tmp/q3-game-source-completion-entities-4sA06y/examined.tsv
code/game/g_items.c	/tmp/q3-game-source-completion-entities-4sA06y/examined.tsv
code/game/g_local.h	/tmp/q3-game-core-parity-notes.md
code/game/g_main.c	/tmp/q3-game-core-parity-notes.md
code/game/g_mem.c	/tmp/q3-game-core-parity-notes.md
code/game/g_misc.c	/tmp/q3-game-source-completion-entities-4sA06y/examined.tsv
code/game/g_missile.c	/tmp/q3-game-source-completion-entities-4sA06y/examined.tsv
code/game/g_mover.c	/tmp/q3-game-source-completion-entities-4sA06y/examined.tsv
code/game/g_public.h	/tmp/q3-game-core-parity-notes.md
code/game/g_rankings.c	/tmp/q3-game-core-parity-notes.md
code/game/g_rankings.h	/tmp/q3-game-core-parity-notes.md
code/game/g_session.c	/tmp/q3-game-core-parity-notes.md
code/game/g_spawn.c	/tmp/q3-game-source-completion-entities-4sA06y/examined.tsv
code/game/g_svcmds.c	/tmp/q3-game-core-parity-notes.md
code/game/g_syscalls.asm	/tmp/quake3-vm-declarations-6FJhXf/ledger.json
code/game/g_syscalls.c	/tmp/quake3-vm-declarations-6FJhXf/ledger.json
code/game/g_target.c	/tmp/q3-game-source-completion-entities-4sA06y/examined.tsv
code/game/g_team.c	/tmp/q3-game-source-completion-entities-4sA06y/examined.tsv
code/game/g_team.h	/tmp/q3-game-source-completion-entities-4sA06y/examined.tsv
code/game/g_trigger.c	/tmp/q3-game-source-completion-entities-4sA06y/examined.tsv
code/game/g_utils.c	/tmp/q3-game-source-completion-entities-4sA06y/examined.tsv
code/game/g_weapon.c	/tmp/q3-game-source-completion-entities-4sA06y/examined.tsv
code/game/game.bat	/tmp/q3-source-build-scripts-examination.md
code/game/game.sh	/tmp/q3-source-build-scripts-examination.md
code/game/game_ta.bat	/tmp/q3-source-build-scripts-examination.md
code/game/game_ta.sh	/tmp/q3-source-build-scripts-examination.md
code/game/inv.h	/tmp/q3-bot-services-source-ledger.tsv
code/game/match.h	/tmp/q3-bot-services-source-ledger.tsv
code/game/q_math.c	/tmp/q3-shared-parity-notes.md
code/game/q_shared.c	/tmp/q3-shared-parity-notes.md
code/game/q_shared.h	/tmp/q3-shared-parity-notes.md
code/game/surfaceflags.h	/tmp/q3-shared-parity-notes.md
code/game/syn.h	/tmp/q3-bot-services-source-ledger.tsv
code/installdebug.bat	/tmp/q3-source-build-scripts-examination.md
code/installrelease.bat	/tmp/q3-source-build-scripts-examination.md
code/installvms.bat	/tmp/q3-source-build-scripts-examination.md
code/jpeg-6/jcapimin.c	/tmp/quake3-jpeg-encoder-examination-SJJkv2/EXAMINATION.md
code/jpeg-6/jcapistd.c	/tmp/quake3-jpeg-encoder-examination-SJJkv2/EXAMINATION.md
code/jpeg-6/jccoefct.c	/tmp/quake3-jpeg-encoder-examination-SJJkv2/EXAMINATION.md
code/jpeg-6/jccolor.c	/tmp/quake3-jpeg-encoder-examination-SJJkv2/EXAMINATION.md
code/jpeg-6/jcdctmgr.c	/tmp/quake3-jpeg-encoder-examination-SJJkv2/EXAMINATION.md
code/jpeg-6/jchuff.c	/tmp/quake3-jpeg-encoder-examination-SJJkv2/EXAMINATION.md
code/jpeg-6/jchuff.h	/tmp/quake3-jpeg-encoder-examination-SJJkv2/EXAMINATION.md;/tmp/q3-jpeg-decoder-yrbrry/SOURCE_REVIEW.md
code/jpeg-6/jcinit.c	/tmp/quake3-jpeg-encoder-examination-SJJkv2/EXAMINATION.md
code/jpeg-6/jcmainct.c	/tmp/quake3-jpeg-encoder-examination-SJJkv2/EXAMINATION.md
code/jpeg-6/jcmarker.c	/tmp/quake3-jpeg-encoder-examination-SJJkv2/EXAMINATION.md
code/jpeg-6/jcmaster.c	/tmp/quake3-jpeg-encoder-examination-SJJkv2/EXAMINATION.md
code/jpeg-6/jcomapi.c	/tmp/q3-jpeg-decoder-yrbrry/SOURCE_REVIEW.md
code/jpeg-6/jconfig.h	/tmp/q3-jpeg-decoder-yrbrry/SOURCE_REVIEW.md
code/jpeg-6/jcparam.c	/tmp/quake3-jpeg-encoder-examination-SJJkv2/EXAMINATION.md
code/jpeg-6/jcphuff.c	/tmp/quake3-jpeg-encoder-examination-SJJkv2/EXAMINATION.md
code/jpeg-6/jcprepct.c	/tmp/quake3-jpeg-encoder-examination-SJJkv2/EXAMINATION.md
code/jpeg-6/jcsample.c	/tmp/quake3-jpeg-encoder-examination-SJJkv2/EXAMINATION.md
code/jpeg-6/jctrans.c	/tmp/quake3-jpeg-encoder-examination-SJJkv2/EXAMINATION.md
code/jpeg-6/jdapimin.c	/tmp/q3-jpeg-decoder-yrbrry/SOURCE_REVIEW.md
code/jpeg-6/jdapistd.c	/tmp/q3-jpeg-decoder-yrbrry/SOURCE_REVIEW.md
code/jpeg-6/jdatadst.c	/tmp/q3-jpeg-decoder-yrbrry/SOURCE_REVIEW.md
code/jpeg-6/jdatasrc.c	/tmp/q3-jpeg-decoder-yrbrry/SOURCE_REVIEW.md
code/jpeg-6/jdcoefct.c	/tmp/q3-jpeg-decoder-yrbrry/SOURCE_REVIEW.md
code/jpeg-6/jdcolor.c	/tmp/q3-jpeg-decoder-yrbrry/SOURCE_REVIEW.md
code/jpeg-6/jdct.h	/tmp/q3-jpeg-decoder-yrbrry/SOURCE_REVIEW.md
code/jpeg-6/jddctmgr.c	/tmp/q3-jpeg-decoder-yrbrry/SOURCE_REVIEW.md
code/jpeg-6/jdhuff.c	/tmp/q3-jpeg-decoder-yrbrry/SOURCE_REVIEW.md
code/jpeg-6/jdhuff.h	/tmp/q3-jpeg-decoder-yrbrry/SOURCE_REVIEW.md
code/jpeg-6/jdinput.c	/tmp/q3-jpeg-decoder-yrbrry/SOURCE_REVIEW.md
code/jpeg-6/jdmainct.c	/tmp/q3-jpeg-decoder-yrbrry/SOURCE_REVIEW.md
code/jpeg-6/jdmarker.c	/tmp/q3-jpeg-decoder-yrbrry/SOURCE_REVIEW.md
code/jpeg-6/jdmaster.c	/tmp/q3-jpeg-decoder-yrbrry/SOURCE_REVIEW.md
code/jpeg-6/jdmerge.c	/tmp/q3-jpeg-decoder-yrbrry/SOURCE_REVIEW.md
code/jpeg-6/jdphuff.c	/tmp/q3-jpeg-decoder-yrbrry/SOURCE_REVIEW.md
code/jpeg-6/jdpostct.c	/tmp/q3-jpeg-decoder-yrbrry/SOURCE_REVIEW.md
code/jpeg-6/jdsample.c	/tmp/q3-jpeg-decoder-yrbrry/SOURCE_REVIEW.md
code/jpeg-6/jdtrans.c	/tmp/q3-jpeg-decoder-yrbrry/SOURCE_REVIEW.md
code/jpeg-6/jerror.c	/tmp/q3-jpeg-decoder-yrbrry/SOURCE_REVIEW.md
code/jpeg-6/jerror.h	/tmp/q3-jpeg-decoder-yrbrry/SOURCE_REVIEW.md
code/jpeg-6/jfdctflt.c	/tmp/quake3-jpeg-encoder-examination-SJJkv2/EXAMINATION.md
code/jpeg-6/jfdctfst.c	/tmp/quake3-jpeg-encoder-examination-SJJkv2/EXAMINATION.md
code/jpeg-6/jfdctint.c	/tmp/quake3-jpeg-encoder-examination-SJJkv2/EXAMINATION.md
code/jpeg-6/jidctflt.c	/tmp/q3-jpeg-decoder-yrbrry/SOURCE_REVIEW.md
code/jpeg-6/jidctfst.c	/tmp/q3-jpeg-decoder-yrbrry/SOURCE_REVIEW.md
code/jpeg-6/jidctint.c	/tmp/q3-jpeg-decoder-yrbrry/SOURCE_REVIEW.md
code/jpeg-6/jidctred.c	/tmp/q3-jpeg-decoder-yrbrry/SOURCE_REVIEW.md
code/jpeg-6/jinclude.h	/tmp/q3-jpeg-decoder-yrbrry/SOURCE_REVIEW.md
code/jpeg-6/jload.c	/tmp/q3-jpeg-decoder-yrbrry/SOURCE_REVIEW.md
code/jpeg-6/jmemansi.c	/tmp/q3-jpeg-decoder-yrbrry/SOURCE_REVIEW.md
code/jpeg-6/jmemdos.c	/tmp/q3-jpeg-decoder-yrbrry/SOURCE_REVIEW.md
code/jpeg-6/jmemmgr.c	/tmp/q3-jpeg-decoder-yrbrry/SOURCE_REVIEW.md
code/jpeg-6/jmemname.c	/tmp/q3-jpeg-decoder-yrbrry/SOURCE_REVIEW.md
code/jpeg-6/jmemnobs.c	/tmp/q3-jpeg-decoder-yrbrry/SOURCE_REVIEW.md
code/jpeg-6/jmemsys.h	/tmp/q3-jpeg-decoder-yrbrry/SOURCE_REVIEW.md
code/jpeg-6/jmorecfg.h	/tmp/q3-jpeg-decoder-yrbrry/SOURCE_REVIEW.md
code/jpeg-6/jpegint.h	/tmp/q3-jpeg-decoder-yrbrry/SOURCE_REVIEW.md
code/jpeg-6/jpeglib.h	/tmp/q3-jpeg-decoder-yrbrry/SOURCE_REVIEW.md
code/jpeg-6/jpegtran.c	/tmp/quake3-jpeg-encoder-examination-SJJkv2/jpegtran-examination.md
code/jpeg-6/jquant1.c	/tmp/q3-jpeg-decoder-yrbrry/SOURCE_REVIEW.md
code/jpeg-6/jquant2.c	/tmp/q3-jpeg-decoder-yrbrry/SOURCE_REVIEW.md
code/jpeg-6/jutils.c	/tmp/q3-jpeg-decoder-yrbrry/SOURCE_REVIEW.md
code/jpeg-6/jversion.h	/tmp/q3-jpeg-decoder-yrbrry/SOURCE_REVIEW.md
code/macosx/BuildRelease	/tmp/q3-packaging-platform-examination.md
code/macosx/CGMouseDeltaFix.h	/tmp/q3-macosx-wholefile-examination.md
code/macosx/CGMouseDeltaFix.m	/tmp/q3-macosx-wholefile-examination.md
code/macosx/CGPrivateAPI.h	/tmp/q3-macosx-wholefile-examination.md
code/macosx/GenerateQGL.pl	/tmp/q3-packaging-platform-examination.md
code/macosx/Q3Controller.h	/tmp/q3-macosx-wholefile-examination.md
code/macosx/Q3Controller.m	/tmp/q3-macosx-wholefile-examination.md
code/macosx/RecordDemo.zsh	/tmp/q3-packaging-platform-examination.md
code/macosx/macosx_display.h	/tmp/q3-macosx-wholefile-examination.md
code/macosx/macosx_display.m	/tmp/q3-macosx-wholefile-examination.md
code/macosx/macosx_glimp.h	/tmp/q3-macosx-wholefile-examination.md
code/macosx/macosx_glimp.m	/tmp/q3-macosx-wholefile-examination.md
code/macosx/macosx_glsmp_mutex.m	/tmp/q3-macosx-wholefile-examination.md
code/macosx/macosx_glsmp_null.m	/tmp/q3-macosx-wholefile-examination.md
code/macosx/macosx_glsmp_ports.m	/tmp/q3-macosx-wholefile-examination.md
code/macosx/macosx_input.m	/tmp/q3-macosx-wholefile-examination.md
code/macosx/macosx_local.h	/tmp/q3-macosx-wholefile-examination.md
code/macosx/macosx_qgl.h	/tmp/q3-macosx-wholefile-examination.md
code/macosx/macosx_sndcore.m	/tmp/q3-macosx-wholefile-examination.md
code/macosx/macosx_snddma.m	/tmp/q3-macosx-wholefile-examination.md
code/macosx/macosx_sys.m	/tmp/q3-macosx-wholefile-examination.md
code/macosx/macosx_timers.h	/tmp/q3-macosx-wholefile-examination.md
code/macosx/macosx_timers.m	/tmp/q3-macosx-wholefile-examination.md
code/macosx/timedemo.zsh	/tmp/q3-packaging-platform-examination.md
code/null/mac_net.c	/tmp/q3-parity-platform-notes.md
code/null/null_client.c	/tmp/q3-parity-platform-notes.md
code/null/null_glimp.c	/tmp/q3-parity-platform-notes.md
code/null/null_input.c	/tmp/q3-parity-platform-notes.md
code/null/null_main.c	/tmp/q3-parity-platform-notes.md
code/null/null_net.c	/tmp/q3-parity-platform-notes.md
code/null/null_snddma.c	/tmp/q3-parity-platform-notes.md
code/q3_ui/Conscript	/tmp/q3-source-build-scripts-examination.md
code/q3_ui/compile.bat	/tmp/q3-source-build-scripts-examination.md
code/q3_ui/keycodes.h	/tmp/quake3-base-ui-whole-file-coverage.tsv
code/q3_ui/q3_ui.bat	/tmp/q3-source-build-scripts-examination.md
code/q3_ui/q3_ui.sh	/tmp/q3-source-build-scripts-examination.md
code/q3_ui/ui_addbots.c	/tmp/quake3-base-ui-whole-file-coverage.tsv
code/q3_ui/ui_atoms.c	/tmp/quake3-base-ui-whole-file-coverage.tsv
code/q3_ui/ui_cdkey.c	/tmp/quake3-base-ui-whole-file-coverage.tsv
code/q3_ui/ui_cinematics.c	/tmp/quake3-base-ui-whole-file-coverage.tsv
code/q3_ui/ui_confirm.c	/tmp/quake3-base-ui-whole-file-coverage.tsv
code/q3_ui/ui_connect.c	/tmp/quake3-base-ui-whole-file-coverage.tsv
code/q3_ui/ui_controls2.c	/tmp/quake3-base-ui-whole-file-coverage.tsv
code/q3_ui/ui_credits.c	/tmp/quake3-base-ui-whole-file-coverage.tsv
code/q3_ui/ui_demo2.c	/tmp/quake3-base-ui-whole-file-coverage.tsv
code/q3_ui/ui_display.c	/tmp/quake3-base-ui-whole-file-coverage.tsv
code/q3_ui/ui_gameinfo.c	/tmp/quake3-base-ui-whole-file-coverage.tsv
code/q3_ui/ui_ingame.c	/tmp/quake3-base-ui-whole-file-coverage.tsv
code/q3_ui/ui_loadconfig.c	/tmp/quake3-base-ui-whole-file-coverage.tsv
code/q3_ui/ui_local.h	/tmp/quake3-base-ui-whole-file-coverage.tsv
code/q3_ui/ui_login.c	/tmp/quake3-base-ui-whole-file-coverage.tsv
code/q3_ui/ui_main.c	/tmp/quake3-base-ui-whole-file-coverage.tsv
code/q3_ui/ui_menu.c	/tmp/quake3-base-ui-whole-file-coverage.tsv
code/q3_ui/ui_mfield.c	/tmp/quake3-base-ui-whole-file-coverage.tsv
code/q3_ui/ui_mods.c	/tmp/quake3-base-ui-whole-file-coverage.tsv
code/q3_ui/ui_network.c	/tmp/quake3-base-ui-whole-file-coverage.tsv
code/q3_ui/ui_options.c	/tmp/quake3-base-ui-whole-file-coverage.tsv
code/q3_ui/ui_playermodel.c	/tmp/quake3-base-ui-whole-file-coverage.tsv
code/q3_ui/ui_players.c	/tmp/quake3-base-ui-whole-file-coverage.tsv
code/q3_ui/ui_playersettings.c	/tmp/quake3-base-ui-whole-file-coverage.tsv
code/q3_ui/ui_preferences.c	/tmp/quake3-base-ui-whole-file-coverage.tsv
code/q3_ui/ui_qmenu.c	/tmp/quake3-base-ui-whole-file-coverage.tsv
code/q3_ui/ui_rankings.c	/tmp/quake3-base-ui-whole-file-coverage.tsv
code/q3_ui/ui_rankstatus.c	/tmp/quake3-base-ui-whole-file-coverage.tsv
code/q3_ui/ui_removebots.c	/tmp/quake3-base-ui-whole-file-coverage.tsv
code/q3_ui/ui_saveconfig.c	/tmp/quake3-base-ui-whole-file-coverage.tsv
code/q3_ui/ui_serverinfo.c	/tmp/quake3-base-ui-whole-file-coverage.tsv
code/q3_ui/ui_servers2.c	/tmp/quake3-base-ui-whole-file-coverage.tsv
code/q3_ui/ui_setup.c	/tmp/quake3-base-ui-whole-file-coverage.tsv
code/q3_ui/ui_signup.c	/tmp/quake3-base-ui-whole-file-coverage.tsv
code/q3_ui/ui_sound.c	/tmp/quake3-base-ui-whole-file-coverage.tsv
code/q3_ui/ui_sparena.c	/tmp/quake3-base-ui-whole-file-coverage.tsv
code/q3_ui/ui_specifyleague.c	/tmp/quake3-base-ui-whole-file-coverage.tsv
code/q3_ui/ui_specifyserver.c	/tmp/quake3-base-ui-whole-file-coverage.tsv
code/q3_ui/ui_splevel.c	/tmp/quake3-base-ui-whole-file-coverage.tsv
code/q3_ui/ui_sppostgame.c	/tmp/quake3-base-ui-whole-file-coverage.tsv
code/q3_ui/ui_spreset.c	/tmp/quake3-base-ui-whole-file-coverage.tsv
code/q3_ui/ui_spskill.c	/tmp/quake3-base-ui-whole-file-coverage.tsv
code/q3_ui/ui_startserver.c	/tmp/quake3-base-ui-whole-file-coverage.tsv
code/q3_ui/ui_team.c	/tmp/quake3-base-ui-whole-file-coverage.tsv
code/q3_ui/ui_teamorders.c	/tmp/quake3-base-ui-whole-file-coverage.tsv
code/q3_ui/ui_video.c	/tmp/quake3-base-ui-whole-file-coverage.tsv
code/qcommon/cm_load.c	/tmp/quake3-collision-parity-uDbw8K/source-notes.md
code/qcommon/cm_local.h	/tmp/quake3-collision-parity-uDbw8K/source-notes.md
code/qcommon/cm_patch.c	/tmp/quake3-collision-parity-uDbw8K/source-notes.md
code/qcommon/cm_patch.h	/tmp/quake3-collision-parity-uDbw8K/source-notes.md
code/qcommon/cm_polylib.c	/tmp/quake3-collision-parity-uDbw8K/source-notes.md
code/qcommon/cm_polylib.h	/tmp/quake3-collision-parity-uDbw8K/source-notes.md
code/qcommon/cm_public.h	/tmp/quake3-collision-parity-uDbw8K/source-notes.md
code/qcommon/cm_test.c	/tmp/quake3-collision-parity-uDbw8K/source-notes.md
code/qcommon/cm_trace.c	/tmp/quake3-collision-parity-uDbw8K/source-notes.md
code/qcommon/cmd.c	/tmp/q3-common-parity-dxvRGc/source-sweep.md
code/qcommon/common.c	/tmp/q3-common-parity-dxvRGc/source-sweep.md
code/qcommon/cvar.c	/tmp/q3-common-parity-dxvRGc/source-sweep.md
code/qcommon/files.c	/tmp/q3-common-parity-dxvRGc/source-sweep.md
code/qcommon/huffman.c	/tmp/q3-parity-protocol-fGheaD/source-notes.md
code/qcommon/md4.c	/tmp/q3-parity-protocol-fGheaD/source-notes.md
code/qcommon/msg.c	/tmp/q3-parity-protocol-fGheaD/source-notes.md
code/qcommon/net_chan.c	/tmp/q3-parity-protocol-fGheaD/source-notes.md
code/qcommon/qcommon.h	/tmp/q3-parity-protocol-fGheaD/source-notes.md
code/qcommon/qfiles.h	/tmp/q3-parity-protocol-fGheaD/source-notes.md
code/qcommon/unzip.c	/tmp/q3-common-parity-dxvRGc/source-sweep.md
code/qcommon/unzip.h	/tmp/q3-common-parity-dxvRGc/source-sweep.md
code/qcommon/vm.c	/tmp/q3-parity-vm-y2Qowa/function-notes.md
code/qcommon/vm_interpreted.c	/tmp/q3-parity-vm-y2Qowa/function-notes.md
code/qcommon/vm_local.h	/tmp/q3-parity-vm-y2Qowa/function-notes.md
code/qcommon/vm_ppc.c	/tmp/q3-parity-vm-y2Qowa/function-notes.md
code/qcommon/vm_ppc_new.c	/tmp/q3-parity-vm-y2Qowa/function-notes.md
code/qcommon/vm_x86.c	/tmp/q3-parity-vm-y2Qowa/function-notes.md
code/renderer/qgl.h	/tmp/quake3-render-back-source-account.tsv
code/renderer/qgl_linked.h	/tmp/quake3-render-back-source-account.tsv
code/renderer/tr_animation.c	/tmp/q3-skin-parity-ulZzhO/frontend-eof-ledger.md
code/renderer/tr_backend.c	/tmp/quake3-render-back-source-account.tsv
code/renderer/tr_bsp.c	/tmp/q3-skin-parity-ulZzhO/frontend-eof-ledger.md
code/renderer/tr_cmds.c	/tmp/quake3-render-back-source-account.tsv
code/renderer/tr_curve.c	/tmp/q3-skin-parity-ulZzhO/frontend-eof-ledger.md
code/renderer/tr_flares.c	/tmp/quake3-render-back-source-account.tsv
code/renderer/tr_font.c	/tmp/q3-skin-parity-ulZzhO/frontend-eof-ledger.md
code/renderer/tr_image.c	/tmp/q3-skin-parity-ulZzhO/frontend-eof-ledger.md
code/renderer/tr_init.c	/tmp/quake3-render-back-source-account.tsv
code/renderer/tr_light.c	/tmp/q3-skin-parity-ulZzhO/frontend-eof-ledger.md
code/renderer/tr_local.h	/tmp/quake3-render-back-source-account.tsv
code/renderer/tr_main.c	/tmp/q3-skin-parity-ulZzhO/frontend-eof-ledger.md
code/renderer/tr_marks.c	/tmp/q3-skin-parity-ulZzhO/frontend-eof-ledger.md
code/renderer/tr_mesh.c	/tmp/q3-skin-parity-ulZzhO/frontend-eof-ledger.md
code/renderer/tr_model.c	/tmp/q3-skin-parity-ulZzhO/frontend-eof-ledger.md
code/renderer/tr_noise.c	/tmp/quake3-render-back-source-account.tsv
code/renderer/tr_public.h	/tmp/q3-skin-parity-ulZzhO/frontend-eof-ledger.md
code/renderer/tr_scene.c	/tmp/q3-skin-parity-ulZzhO/frontend-eof-ledger.md
code/renderer/tr_shade.c	/tmp/quake3-render-back-source-account.tsv
code/renderer/tr_shade_calc.c	/tmp/quake3-render-back-source-account.tsv
code/renderer/tr_shader.c	/tmp/quake3-render-back-source-account.tsv
code/renderer/tr_shadows.c	/tmp/quake3-render-back-source-account.tsv
code/renderer/tr_sky.c	/tmp/quake3-render-back-source-account.tsv
code/renderer/tr_surface.c	/tmp/quake3-render-back-source-account.tsv
code/renderer/tr_world.c	/tmp/q3-skin-parity-ulZzhO/frontend-eof-ledger.md
code/run.bat	/tmp/q3-source-build-scripts-examination.md
code/runrelease.bat	/tmp/q3-source-build-scripts-examination.md
code/server/server.h	/tmp/parity-server-whole-files.md
code/server/sv_bot.c	/tmp/parity-server-whole-files.md
code/server/sv_ccmds.c	/tmp/parity-server-whole-files.md
code/server/sv_client.c	/tmp/parity-server-whole-files.md
code/server/sv_game.c	/tmp/parity-server-whole-files.md
code/server/sv_init.c	/tmp/parity-server-whole-files.md
code/server/sv_main.c	/tmp/parity-server-whole-files.md
code/server/sv_net_chan.c	/tmp/parity-server-whole-files.md
code/server/sv_rankings.c	/tmp/parity-server-whole-files.md
code/server/sv_snapshot.c	/tmp/parity-server-whole-files.md
code/server/sv_world.c	/tmp/parity-server-whole-files.md
code/splines/math_angles.cpp	/tmp/q3-code-splines-examination-cYVB1H/coverage.tsv
code/splines/math_angles.h	/tmp/q3-code-splines-examination-cYVB1H/coverage.tsv
code/splines/math_matrix.cpp	/tmp/q3-code-splines-examination-cYVB1H/coverage.tsv
code/splines/math_matrix.h	/tmp/q3-code-splines-examination-cYVB1H/coverage.tsv
code/splines/math_quaternion.cpp	/tmp/q3-code-splines-examination-cYVB1H/coverage.tsv
code/splines/math_quaternion.h	/tmp/q3-code-splines-examination-cYVB1H/coverage.tsv
code/splines/math_vector.cpp	/tmp/q3-code-splines-examination-cYVB1H/coverage.tsv
code/splines/math_vector.h	/tmp/q3-code-splines-examination-cYVB1H/coverage.tsv
code/splines/q_parse.cpp	/tmp/q3-code-splines-examination-cYVB1H/coverage.tsv
code/splines/q_shared.cpp	/tmp/q3-code-splines-examination-cYVB1H/coverage.tsv
code/splines/q_shared.h	/tmp/q3-code-splines-examination-cYVB1H/coverage.tsv
code/splines/q_shared.hpp	/tmp/q3-code-splines-examination-cYVB1H/coverage.tsv
code/splines/splines.cpp	/tmp/q3-code-splines-examination-cYVB1H/coverage.tsv
code/splines/splines.h	/tmp/q3-code-splines-examination-cYVB1H/coverage.tsv
code/splines/util_list.h	/tmp/q3-code-splines-examination-cYVB1H/coverage.tsv
code/splines/util_str.cpp	/tmp/q3-code-splines-examination-cYVB1H/coverage.tsv
code/splines/util_str.h	/tmp/q3-code-splines-examination-cYVB1H/coverage.tsv
code/ui/Conscript	/tmp/q3-source-build-scripts-examination.md
code/ui/compile.bat	/tmp/q3-source-build-scripts-examination.md
code/ui/keycodes.h	/tmp/quake3-team-ui-parity-notes.md
code/ui/ui.bat	/tmp/q3-source-build-scripts-examination.md
code/ui/ui_atoms.c	/tmp/quake3-team-ui-parity-notes.md
code/ui/ui_gameinfo.c	/tmp/quake3-team-ui-parity-notes.md
code/ui/ui_local.h	/tmp/quake3-team-ui-parity-notes.md
code/ui/ui_main.c	/tmp/quake3-team-ui-parity-notes.md
code/ui/ui_players.c	/tmp/quake3-mission-player-wholefile-examination.md
code/ui/ui_public.h	/tmp/quake3-team-ui-parity-notes.md
code/ui/ui_shared.c	/tmp/quake3-team-ui-parity-notes.md
code/ui/ui_shared.h	/tmp/quake3-team-ui-parity-notes.md
code/ui/ui_syscalls.asm	/tmp/quake3-vm-declarations-6FJhXf/ledger.json
code/ui/ui_syscalls.c	/tmp/quake3-team-ui-parity-notes.md
code/ui/ui_util.c	/tmp/quake3-team-ui-parity-notes.md
code/unix/Cons_gcc.pm	/tmp/q3-packaging-platform-examination.md
code/unix/Conscript-client	/tmp/q3-packaging-platform-examination.md
code/unix/Conscript-dedicated	/tmp/q3-packaging-platform-examination.md
code/unix/Conscript-pk3	/tmp/q3-packaging-platform-examination.md
code/unix/Conscript-sdk	/tmp/q3-packaging-platform-examination.md
code/unix/Conscript-setup	/tmp/q3-packaging-platform-examination.md
code/unix/Makefile	/tmp/q3-packaging-platform-examination.md
code/unix/Makefile.Game	/tmp/q3-packaging-platform-examination.md
code/unix/build_setup.sh	/tmp/q3-packaging-platform-examination.md
code/unix/cons	/tmp/q3-packaging-platform-examination.md
code/unix/extract_ver.pl	/tmp/q3-packaging-platform-examination.md
code/unix/ftol.nasm	/tmp/q3-remaining-unix-examination.md
code/unix/linux_common.c	/tmp/q3-remaining-unix-examination.md
code/unix/linux_glimp.c	/tmp/q3-remaining-unix-examination.md
code/unix/linux_joystick.c	/tmp/q3-remaining-unix-examination.md
code/unix/linux_local.h	/tmp/q3-remaining-unix-examination.md
code/unix/linux_qgl.c	/tmp/q3-remaining-unix-examination.md
code/unix/linux_signals.c	/tmp/q3-remaining-unix-examination.md
code/unix/linux_snd.c	/tmp/q3-remaining-unix-examination.md
code/unix/matha.s	/tmp/q3-remaining-unix-examination.md
code/unix/q3test.spec.sh	/tmp/q3-packaging-platform-examination.md
code/unix/qasm.h	/tmp/q3-remaining-unix-examination.md
code/unix/run-target.sh	/tmp/q3-packaging-platform-examination.md
code/unix/snapvector.nasm	/tmp/q3-remaining-unix-examination.md
code/unix/snd_mixa.s	/tmp/q3-remaining-unix-examination.md
code/unix/sys_dosa.s	/tmp/q3-remaining-unix-examination.md
code/unix/unix_glw.h	/tmp/q3-remaining-unix-examination.md
code/unix/unix_main.c	/tmp/q3-remaining-unix-examination.md
code/unix/unix_net.c	/tmp/q3-remaining-unix-examination.md
code/unix/unix_shared.c	/tmp/q3-remaining-unix-examination.md
code/unix/vm_x86.c	/tmp/q3-remaining-unix-examination.md
code/unix/vm_x86a.s	/tmp/q3-remaining-unix-examination.md
code/win32/glw_win.h	/tmp/q3-examination-win32-complete.md
code/win32/resource.h	/tmp/q3-examination-win32-complete.md
code/win32/win_gamma.c	/tmp/q3-examination-win32-complete.md
code/win32/win_glimp.c	/tmp/q3-examination-win32-complete.md
code/win32/win_input.c	/tmp/q3-examination-win32-complete.md
code/win32/win_local.h	/tmp/q3-examination-win32-complete.md
code/win32/win_main.c	/tmp/q3-examination-win32-complete.md
code/win32/win_net.c	/tmp/q3-examination-win32-complete.md
code/win32/win_qgl.c	/tmp/q3-examination-win32-complete.md
code/win32/win_shared.c	/tmp/q3-examination-win32-complete.md
code/win32/win_snd.c	/tmp/q3-examination-win32-complete.md
code/win32/win_syscon.c	/tmp/q3-examination-win32-complete.md
code/win32/win_wndproc.c	/tmp/q3-examination-win32-complete.md
common/aselib.c	/tmp/q3-common-libraries-full-examination.md
common/aselib.h	/tmp/q3-common-libraries-full-examination.md
common/bspfile.c	/tmp/q3-common-libraries-full-examination.md
common/bspfile.h	/tmp/q3-common-libraries-full-examination.md
common/cmdlib.c	/tmp/q3-common-libraries-full-examination.md
common/cmdlib.h	/tmp/q3-common-libraries-full-examination.md
common/imagelib.c	/tmp/q3-common-libraries-full-examination.md
common/imagelib.h	/tmp/q3-common-libraries-full-examination.md
common/l3dslib.c	/tmp/q3-common-libraries-full-examination.md
common/l3dslib.h	/tmp/q3-common-libraries-full-examination.md
common/mathlib.c	/tmp/q3-common-libraries-full-examination.md
common/mathlib.h	/tmp/q3-common-libraries-full-examination.md
common/md4.c	/tmp/q3-common-libraries-full-examination.md
common/mutex.c	/tmp/q3-common-libraries-full-examination.md
common/mutex.h	/tmp/q3-common-libraries-full-examination.md
common/polylib.c	/tmp/q3-common-libraries-full-examination.md
common/polylib.h	/tmp/q3-common-libraries-full-examination.md
common/polyset.h	/tmp/q3-common-libraries-full-examination.md
common/qfiles.h	/tmp/q3-common-libraries-full-examination.md
common/scriplib.c	/tmp/q3-common-libraries-full-examination.md
common/scriplib.h	/tmp/q3-common-libraries-full-examination.md
common/surfaceflags.h	/tmp/q3-common-libraries-full-examination.md
common/threads.c	/tmp/q3-common-libraries-full-examination.md
common/threads.h	/tmp/q3-common-libraries-full-examination.md
common/trilib.c	/tmp/q3-common-libraries-full-examination.md
common/trilib.h	/tmp/q3-common-libraries-full-examination.md
lcc/buildnt.bat	/tmp/q3-packaging-platform-examination.md
lcc/buildnt.sh	/tmp/q3-packaging-platform-examination.md
lcc/cpp/cpp.c	/tmp/q3-lcc-support-examination.md
lcc/cpp/cpp.h	/tmp/q3-lcc-support-examination.md
lcc/cpp/eval.c	/tmp/q3-lcc-support-examination.md
lcc/cpp/getopt.c	/tmp/q3-lcc-support-examination.md
lcc/cpp/hideset.c	/tmp/q3-lcc-support-examination.md
lcc/cpp/include.c	/tmp/q3-lcc-support-examination.md
lcc/cpp/lex.c	/tmp/q3-lcc-support-examination.md
lcc/cpp/macro.c	/tmp/q3-lcc-support-examination.md
lcc/cpp/nlist.c	/tmp/q3-lcc-support-examination.md
lcc/cpp/tokens.c	/tmp/q3-lcc-support-examination.md
lcc/cpp/unix.c	/tmp/q3-lcc-support-examination.md
lcc/custom.mk	/tmp/q3-packaging-platform-examination.md
lcc/etc/bprint.c	/tmp/q3-lcc-support-examination.md
lcc/etc/gcc-solaris.c	/tmp/q3-lcc-support-examination.md
lcc/etc/irix.c	/tmp/q3-lcc-support-examination.md
lcc/etc/lcc.c	/tmp/q3-lcc-support-examination.md
lcc/etc/linux.c	/tmp/q3-lcc-support-examination.md
lcc/etc/ops.c	/tmp/q3-lcc-support-examination.md
lcc/etc/osf.c	/tmp/q3-lcc-support-examination.md
lcc/etc/solaris.c	/tmp/q3-lcc-support-examination.md
lcc/etc/win32.c	/tmp/q3-lcc-support-examination.md
lcc/include/alpha/osf/assert.h	/tmp/q3-lcc-support-examination.md
lcc/include/alpha/osf/ctype.h	/tmp/q3-lcc-support-examination.md
lcc/include/alpha/osf/errno.h	/tmp/q3-lcc-support-examination.md
lcc/include/alpha/osf/float.h	/tmp/q3-lcc-support-examination.md
lcc/include/alpha/osf/limits.h	/tmp/q3-lcc-support-examination.md
lcc/include/alpha/osf/locale.h	/tmp/q3-lcc-support-examination.md
lcc/include/alpha/osf/math.h	/tmp/q3-lcc-support-examination.md
lcc/include/alpha/osf/setjmp.h	/tmp/q3-lcc-support-examination.md
lcc/include/alpha/osf/signal.h	/tmp/q3-lcc-support-examination.md
lcc/include/alpha/osf/stdarg.h	/tmp/q3-lcc-support-examination.md
lcc/include/alpha/osf/stddef.h	/tmp/q3-lcc-support-examination.md
lcc/include/alpha/osf/stdio.h	/tmp/q3-lcc-support-examination.md
lcc/include/alpha/osf/stdlib.h	/tmp/q3-lcc-support-examination.md
lcc/include/alpha/osf/string.h	/tmp/q3-lcc-support-examination.md
lcc/include/alpha/osf/time.h	/tmp/q3-lcc-support-examination.md
lcc/include/mips/irix/assert.h	/tmp/q3-lcc-support-examination.md
lcc/include/mips/irix/ctype.h	/tmp/q3-lcc-support-examination.md
lcc/include/mips/irix/errno.h	/tmp/q3-lcc-support-examination.md
lcc/include/mips/irix/float.h	/tmp/q3-lcc-support-examination.md
lcc/include/mips/irix/limits.h	/tmp/q3-lcc-support-examination.md
lcc/include/mips/irix/locale.h	/tmp/q3-lcc-support-examination.md
lcc/include/mips/irix/math.h	/tmp/q3-lcc-support-examination.md
lcc/include/mips/irix/setjmp.h	/tmp/q3-lcc-support-examination.md
lcc/include/mips/irix/signal.h	/tmp/q3-lcc-support-examination.md
lcc/include/mips/irix/stdarg.h	/tmp/q3-lcc-support-examination.md
lcc/include/mips/irix/stddef.h	/tmp/q3-lcc-support-examination.md
lcc/include/mips/irix/stdio.h	/tmp/q3-lcc-support-examination.md
lcc/include/mips/irix/stdlib.h	/tmp/q3-lcc-support-examination.md
lcc/include/mips/irix/string.h	/tmp/q3-lcc-support-examination.md
lcc/include/mips/irix/time.h	/tmp/q3-lcc-support-examination.md
lcc/include/sparc/solaris/assert.h	/tmp/q3-lcc-support-examination.md
lcc/include/sparc/solaris/ctype.h	/tmp/q3-lcc-support-examination.md
lcc/include/sparc/solaris/errno.h	/tmp/q3-lcc-support-examination.md
lcc/include/sparc/solaris/float.h	/tmp/q3-lcc-support-examination.md
lcc/include/sparc/solaris/limits.h	/tmp/q3-lcc-support-examination.md
lcc/include/sparc/solaris/locale.h	/tmp/q3-lcc-support-examination.md
lcc/include/sparc/solaris/math.h	/tmp/q3-lcc-support-examination.md
lcc/include/sparc/solaris/setjmp.h	/tmp/q3-lcc-support-examination.md
lcc/include/sparc/solaris/signal.h	/tmp/q3-lcc-support-examination.md
lcc/include/sparc/solaris/stdarg.h	/tmp/q3-lcc-support-examination.md
lcc/include/sparc/solaris/stddef.h	/tmp/q3-lcc-support-examination.md
lcc/include/sparc/solaris/stdio.h	/tmp/q3-lcc-support-examination.md
lcc/include/sparc/solaris/stdlib.h	/tmp/q3-lcc-support-examination.md
lcc/include/sparc/solaris/string.h	/tmp/q3-lcc-support-examination.md
lcc/include/sparc/solaris/time.h	/tmp/q3-lcc-support-examination.md
lcc/include/x86/linux/assert.h	/tmp/q3-lcc-support-examination.md
lcc/include/x86/linux/float.h	/tmp/q3-lcc-support-examination.md
lcc/include/x86/linux/stdarg.h	/tmp/q3-lcc-support-examination.md
lcc/lburg/gram.c	/tmp/q3-lcc-core-examination.tsv
lcc/lburg/gram.y	/tmp/q3-lcc-core-examination.tsv
lcc/lburg/lburg.c	/tmp/q3-lcc-core-examination.tsv
lcc/lburg/lburg.h	/tmp/q3-lcc-core-examination.tsv
lcc/lib/assert.c	/tmp/q3-lcc-support-examination.md
lcc/lib/bbexit.c	/tmp/q3-lcc-support-examination.md
lcc/lib/yynull.c	/tmp/q3-lcc-support-examination.md
lcc/makefile	/tmp/q3-packaging-platform-examination.md
lcc/makefile.nt	/tmp/q3-packaging-platform-examination.md
lcc/src/2html.c	/tmp/q3-lcc-core-examination.tsv
lcc/src/alloc.c	/tmp/q3-lcc-core-examination.tsv
lcc/src/alpha.md	/tmp/q3-lcc-core-examination.tsv
lcc/src/asdl.c	/tmp/q3-lcc-core-examination.tsv
lcc/src/bind.c	/tmp/q3-lcc-core-examination.tsv
lcc/src/bytecode.c	/tmp/q3-lcc-core-examination.tsv
lcc/src/c.h	/tmp/q3-lcc-core-examination.tsv
lcc/src/config.h	/tmp/q3-lcc-core-examination.tsv
lcc/src/dag.c	/tmp/q3-lcc-core-examination.tsv
lcc/src/dagcheck.md	/tmp/q3-lcc-core-examination.tsv
lcc/src/decl.c	/tmp/q3-lcc-core-examination.tsv
lcc/src/enode.c	/tmp/q3-lcc-core-examination.tsv
lcc/src/error.c	/tmp/q3-lcc-core-examination.tsv
lcc/src/event.c	/tmp/q3-lcc-core-examination.tsv
lcc/src/expr.c	/tmp/q3-lcc-core-examination.tsv
lcc/src/gen.c	/tmp/q3-lcc-core-examination.tsv
lcc/src/init.c	/tmp/q3-lcc-core-examination.tsv
lcc/src/inits.c	/tmp/q3-lcc-core-examination.tsv
lcc/src/input.c	/tmp/q3-lcc-core-examination.tsv
lcc/src/lex.c	/tmp/q3-lcc-core-examination.tsv
lcc/src/list.c	/tmp/q3-lcc-core-examination.tsv
lcc/src/main.c	/tmp/q3-lcc-core-examination.tsv
lcc/src/mips.md	/tmp/q3-lcc-core-examination.tsv
lcc/src/null.c	/tmp/q3-lcc-core-examination.tsv
lcc/src/output.c	/tmp/q3-lcc-core-examination.tsv
lcc/src/pass2.c	/tmp/q3-lcc-core-examination.tsv
lcc/src/prof.c	/tmp/q3-lcc-core-examination.tsv
lcc/src/profio.c	/tmp/q3-lcc-core-examination.tsv
lcc/src/rcc.asdl	/tmp/q3-lcc-core-examination.tsv
lcc/src/run.sh	/tmp/q3-packaging-platform-examination.md
lcc/src/simp.c	/tmp/q3-lcc-core-examination.tsv
lcc/src/sparc.md	/tmp/q3-lcc-core-examination.tsv
lcc/src/stab.c	/tmp/q3-lcc-core-examination.tsv
lcc/src/stab.h	/tmp/q3-lcc-core-examination.tsv
lcc/src/stmt.c	/tmp/q3-lcc-core-examination.tsv
lcc/src/string.c	/tmp/q3-lcc-core-examination.tsv
lcc/src/sym.c	/tmp/q3-lcc-core-examination.tsv
lcc/src/symbolic.c	/tmp/q3-lcc-core-examination.tsv
lcc/src/token.h	/tmp/q3-lcc-core-examination.tsv
lcc/src/trace.c	/tmp/q3-lcc-core-examination.tsv
lcc/src/tree.c	/tmp/q3-lcc-core-examination.tsv
lcc/src/types.c	/tmp/q3-lcc-core-examination.tsv
lcc/src/x86.md	/tmp/q3-lcc-core-examination.tsv
lcc/src/x86linux.md	/tmp/q3-lcc-core-examination.tsv
lcc/tst/8q.c	/tmp/q3-lcc-support-examination.md
lcc/tst/array.c	/tmp/q3-lcc-support-examination.md
lcc/tst/cf.c	/tmp/q3-lcc-support-examination.md
lcc/tst/cq.c	/tmp/q3-lcc-support-examination.md
lcc/tst/cvt.c	/tmp/q3-lcc-support-examination.md
lcc/tst/fields.c	/tmp/q3-lcc-support-examination.md
lcc/tst/front.c	/tmp/q3-lcc-support-examination.md
lcc/tst/incr.c	/tmp/q3-lcc-support-examination.md
lcc/tst/init.c	/tmp/q3-lcc-support-examination.md
lcc/tst/limits.c	/tmp/q3-lcc-support-examination.md
lcc/tst/paranoia.c	/tmp/q3-lcc-support-examination.md
lcc/tst/sort.c	/tmp/q3-lcc-support-examination.md
lcc/tst/spill.c	/tmp/q3-lcc-support-examination.md
lcc/tst/stdarg.c	/tmp/q3-lcc-support-examination.md
lcc/tst/struct.c	/tmp/q3-lcc-support-examination.md
lcc/tst/switch.c	/tmp/q3-lcc-support-examination.md
lcc/tst/wf1.c	/tmp/q3-lcc-support-examination.md
lcc/tst/yacc.c	/tmp/q3-lcc-support-examination.md
libs/cmdlib.h	/tmp/q3-common-libraries-full-examination.md
libs/cmdlib/cmdlib.cpp	/tmp/q3-common-libraries-full-examination.md
libs/jpeg6/jchuff.h	/tmp/quake3-jpeg-encoder-examination-SJJkv2/EXAMINATION.md;/tmp/q3-jpeg-decoder-yrbrry/SOURCE_REVIEW.md
libs/jpeg6/jcomapi.cpp	/tmp/q3-jpeg-decoder-yrbrry/SOURCE_REVIEW.md
libs/jpeg6/jconfig.h	/tmp/q3-jpeg-decoder-yrbrry/SOURCE_REVIEW.md
libs/jpeg6/jdapimin.cpp	/tmp/q3-jpeg-decoder-yrbrry/SOURCE_REVIEW.md
libs/jpeg6/jdapistd.cpp	/tmp/q3-jpeg-decoder-yrbrry/SOURCE_REVIEW.md
libs/jpeg6/jdatasrc.cpp	/tmp/q3-jpeg-decoder-yrbrry/SOURCE_REVIEW.md
libs/jpeg6/jdcoefct.cpp	/tmp/q3-jpeg-decoder-yrbrry/SOURCE_REVIEW.md
libs/jpeg6/jdcolor.cpp	/tmp/q3-jpeg-decoder-yrbrry/SOURCE_REVIEW.md
libs/jpeg6/jdct.h	/tmp/q3-jpeg-decoder-yrbrry/SOURCE_REVIEW.md
libs/jpeg6/jddctmgr.cpp	/tmp/q3-jpeg-decoder-yrbrry/SOURCE_REVIEW.md
libs/jpeg6/jdhuff.cpp	/tmp/q3-jpeg-decoder-yrbrry/SOURCE_REVIEW.md
libs/jpeg6/jdhuff.h	/tmp/q3-jpeg-decoder-yrbrry/SOURCE_REVIEW.md
libs/jpeg6/jdinput.cpp	/tmp/q3-jpeg-decoder-yrbrry/SOURCE_REVIEW.md
libs/jpeg6/jdmainct.cpp	/tmp/q3-jpeg-decoder-yrbrry/SOURCE_REVIEW.md
libs/jpeg6/jdmarker.cpp	/tmp/q3-jpeg-decoder-yrbrry/SOURCE_REVIEW.md
libs/jpeg6/jdmaster.cpp	/tmp/q3-jpeg-decoder-yrbrry/SOURCE_REVIEW.md
libs/jpeg6/jdpostct.cpp	/tmp/q3-jpeg-decoder-yrbrry/SOURCE_REVIEW.md
libs/jpeg6/jdsample.cpp	/tmp/q3-jpeg-decoder-yrbrry/SOURCE_REVIEW.md
libs/jpeg6/jdtrans.cpp	/tmp/q3-jpeg-decoder-yrbrry/SOURCE_REVIEW.md
libs/jpeg6/jerror.cpp	/tmp/q3-jpeg-decoder-yrbrry/SOURCE_REVIEW.md
libs/jpeg6/jerror.h	/tmp/q3-jpeg-decoder-yrbrry/SOURCE_REVIEW.md
libs/jpeg6/jfdctflt.cpp	/tmp/quake3-jpeg-encoder-examination-SJJkv2/EXAMINATION.md
libs/jpeg6/jidctflt.cpp	/tmp/q3-jpeg-decoder-yrbrry/SOURCE_REVIEW.md
libs/jpeg6/jinclude.h	/tmp/q3-jpeg-decoder-yrbrry/SOURCE_REVIEW.md
libs/jpeg6/jmemmgr.cpp	/tmp/q3-jpeg-decoder-yrbrry/SOURCE_REVIEW.md
libs/jpeg6/jmemnobs.cpp	/tmp/q3-jpeg-decoder-yrbrry/SOURCE_REVIEW.md
libs/jpeg6/jmemsys.h	/tmp/q3-jpeg-decoder-yrbrry/SOURCE_REVIEW.md
libs/jpeg6/jmorecfg.h	/tmp/q3-jpeg-decoder-yrbrry/SOURCE_REVIEW.md
libs/jpeg6/jpegint.h	/tmp/q3-jpeg-decoder-yrbrry/SOURCE_REVIEW.md
libs/jpeg6/jpgload.cpp	/tmp/q3-jpeg-decoder-yrbrry/SOURCE_REVIEW.md
libs/jpeg6/jutils.cpp	/tmp/q3-jpeg-decoder-yrbrry/SOURCE_REVIEW.md
libs/jpeg6/jversion.h	/tmp/q3-jpeg-decoder-yrbrry/SOURCE_REVIEW.md
libs/jpeglib.h	/tmp/q3-common-libraries-full-examination.md
libs/pak/pakstuff.cpp	/tmp/q3-common-libraries-full-examination.md
libs/pak/unzip.cpp	/tmp/q3-common-libraries-full-examination.md
libs/pak/unzip.h	/tmp/q3-common-libraries-full-examination.md
libs/pakstuff.h	/tmp/q3-common-libraries-full-examination.md
libs/str.h	/tmp/q3-common-libraries-full-examination.md
q3asm/Makefile	/tmp/q3-packaging-platform-examination.md
q3asm/cmdlib.c	/tmp/q3-lcc-support-examination.md
q3asm/cmdlib.h	/tmp/q3-lcc-support-examination.md
q3asm/mathlib.h	/tmp/q3-lcc-support-examination.md
q3asm/opstrings.h	/tmp/q3-lcc-support-examination.md
q3asm/q3asm.c	/tmp/q3-lcc-support-examination.md
q3asm/qfiles.h	/tmp/q3-lcc-support-examination.md
q3map/brush.c	/tmp/q3map-examination-OcOvR2/coverage.tsv
q3map/brush_primit.c	/tmp/q3map-examination-OcOvR2/coverage.tsv
q3map/bsp.c	/tmp/q3map-examination-OcOvR2/coverage.tsv
q3map/facebsp.c	/tmp/q3map-examination-OcOvR2/coverage.tsv
q3map/fog.c	/tmp/q3map-examination-OcOvR2/coverage.tsv
q3map/gldraw.c	/tmp/q3map-examination-OcOvR2/coverage.tsv
q3map/glfile.c	/tmp/q3map-examination-OcOvR2/coverage.tsv
q3map/leakfile.c	/tmp/q3map-examination-OcOvR2/coverage.tsv
q3map/light.c	/tmp/q3map-examination-OcOvR2/coverage.tsv
q3map/light.h	/tmp/q3map-examination-OcOvR2/coverage.tsv
q3map/light_trace.c	/tmp/q3map-examination-OcOvR2/coverage.tsv
q3map/lightmaps.c	/tmp/q3map-examination-OcOvR2/coverage.tsv
q3map/lightv.c	/tmp/q3map-examination-OcOvR2/coverage.tsv
q3map/makefile	/tmp/q3-packaging-platform-examination.md
q3map/map.c	/tmp/q3map-examination-OcOvR2/coverage.tsv
q3map/mesh.c	/tmp/q3map-examination-OcOvR2/coverage.tsv
q3map/mesh.h	/tmp/q3map-examination-OcOvR2/coverage.tsv
q3map/misc_model.c	/tmp/q3map-examination-OcOvR2/coverage.tsv
q3map/nodraw.c	/tmp/q3map-examination-OcOvR2/coverage.tsv
q3map/patch.c	/tmp/q3map-examination-OcOvR2/coverage.tsv
q3map/portals.c	/tmp/q3map-examination-OcOvR2/coverage.tsv
q3map/prtfile.c	/tmp/q3map-examination-OcOvR2/coverage.tsv
q3map/qbsp.h	/tmp/q3map-examination-OcOvR2/coverage.tsv
q3map/shaders.c	/tmp/q3map-examination-OcOvR2/coverage.tsv
q3map/shaders.h	/tmp/q3map-examination-OcOvR2/coverage.tsv
q3map/soundv.c	/tmp/q3map-examination-OcOvR2/coverage.tsv
q3map/surface.c	/tmp/q3map-examination-OcOvR2/coverage.tsv
q3map/terrain.c	/tmp/q3map-examination-OcOvR2/coverage.tsv
q3map/tjunction.c	/tmp/q3map-examination-OcOvR2/coverage.tsv
q3map/tree.c	/tmp/q3map-examination-OcOvR2/coverage.tsv
q3map/vis.c	/tmp/q3map-examination-OcOvR2/coverage.tsv
q3map/vis.h	/tmp/q3map-examination-OcOvR2/coverage.tsv
q3map/visflow.c	/tmp/q3map-examination-OcOvR2/coverage.tsv
q3map/writebsp.c	/tmp/q3map-examination-OcOvR2/coverage.tsv
q3radiant/BMP.H	/tmp/q3radiant-a-l-examination-NlGB5l/coverage.md
q3radiant/BRUSH.H	/tmp/q3radiant-a-l-examination-NlGB5l/coverage.md
q3radiant/BSInput.cpp	/tmp/q3radiant-a-l-examination-NlGB5l/coverage.md
q3radiant/BSInput.h	/tmp/q3radiant-a-l-examination-NlGB5l/coverage.md
q3radiant/BSPFILE.H	/tmp/q3radiant-a-l-examination-NlGB5l/coverage.md
q3radiant/Bmp.cpp	/tmp/q3radiant-a-l-examination-NlGB5l/coverage.md
q3radiant/Brush.cpp	/tmp/q3-radiant-geometry-examination-uwZNZo/coverage.md
q3radiant/BrushScript.cpp	/tmp/q3radiant-a-l-examination-NlGB5l/coverage.md
q3radiant/CAMERA.H	/tmp/q3radiant-a-l-examination-NlGB5l/coverage.md
q3radiant/CSG.CPP	/tmp/q3radiant-a-l-examination-NlGB5l/coverage.md
q3radiant/CamWnd.cpp	/tmp/q3radiant-a-l-examination-NlGB5l/coverage.md
q3radiant/CamWnd.h	/tmp/q3radiant-a-l-examination-NlGB5l/coverage.md
q3radiant/CapDialog.cpp	/tmp/q3radiant-a-l-examination-NlGB5l/coverage.md
q3radiant/CapDialog.h	/tmp/q3radiant-a-l-examination-NlGB5l/coverage.md
q3radiant/CharBuffer.h	/tmp/q3radiant-a-l-examination-NlGB5l/coverage.md
q3radiant/ChildFrm.cpp	/tmp/q3radiant-a-l-examination-NlGB5l/coverage.md
q3radiant/ChildFrm.h	/tmp/q3radiant-a-l-examination-NlGB5l/coverage.md
q3radiant/CommandsDlg.cpp	/tmp/q3radiant-a-l-examination-NlGB5l/coverage.md
q3radiant/CommandsDlg.h	/tmp/q3radiant-a-l-examination-NlGB5l/coverage.md
q3radiant/DRAG.CPP	/tmp/q3radiant-a-l-examination-NlGB5l/coverage.md
q3radiant/DialogInfo.cpp	/tmp/q3radiant-a-l-examination-NlGB5l/coverage.md
q3radiant/DialogInfo.h	/tmp/q3radiant-a-l-examination-NlGB5l/coverage.md
q3radiant/DialogTextures.cpp	/tmp/q3radiant-a-l-examination-NlGB5l/coverage.md
q3radiant/DialogTextures.h	/tmp/q3radiant-a-l-examination-NlGB5l/coverage.md
q3radiant/DialogThick.cpp	/tmp/q3radiant-a-l-examination-NlGB5l/coverage.md
q3radiant/DialogThick.h	/tmp/q3radiant-a-l-examination-NlGB5l/coverage.md
q3radiant/DlgEvent.cpp	/tmp/q3radiant-a-l-examination-NlGB5l/coverage.md
q3radiant/DlgEvent.h	/tmp/q3radiant-a-l-examination-NlGB5l/coverage.md
q3radiant/ECLASS.CPP	/tmp/q3radiant-a-l-examination-NlGB5l/coverage.md
q3radiant/ENTITY.CPP	/tmp/q3radiant-a-l-examination-NlGB5l/coverage.md
q3radiant/ENTITY.H	/tmp/q3radiant-a-l-examination-NlGB5l/coverage.md
q3radiant/ENTITYW.H	/tmp/q3radiant-a-l-examination-NlGB5l/coverage.md
q3radiant/EPAIRS.H	/tmp/q3radiant-a-l-examination-NlGB5l/coverage.md
q3radiant/EditWnd.cpp	/tmp/q3radiant-a-l-examination-NlGB5l/coverage.md
q3radiant/EditWnd.h	/tmp/q3radiant-a-l-examination-NlGB5l/coverage.md
q3radiant/EntityListDlg.cpp	/tmp/q3radiant-a-l-examination-NlGB5l/coverage.md
q3radiant/EntityListDlg.h	/tmp/q3radiant-a-l-examination-NlGB5l/coverage.md
q3radiant/EpairsWrapper.h	/tmp/q3radiant-a-l-examination-NlGB5l/coverage.md
q3radiant/FNMATCH.CPP	/tmp/q3radiant-a-l-examination-NlGB5l/coverage.md
q3radiant/FNMATCH.H	/tmp/q3radiant-a-l-examination-NlGB5l/coverage.md
q3radiant/FindTextureDlg.cpp	/tmp/q3radiant-a-l-examination-NlGB5l/coverage.md
q3radiant/FindTextureDlg.h	/tmp/q3radiant-a-l-examination-NlGB5l/coverage.md
q3radiant/GLINGR.H	/tmp/q3radiant-a-l-examination-NlGB5l/coverage.md
q3radiant/GLInterface.cpp	/tmp/q3radiant-a-l-examination-NlGB5l/coverage.md
q3radiant/GLW_WIN.H	/tmp/q3radiant-a-l-examination-NlGB5l/coverage.md
q3radiant/GroupBar.cpp	/tmp/q3radiant-a-l-examination-NlGB5l/coverage.md
q3radiant/GroupBar.h	/tmp/q3radiant-a-l-examination-NlGB5l/coverage.md
q3radiant/GroupDlg.cpp	/tmp/q3radiant-a-l-examination-NlGB5l/coverage.md
q3radiant/GroupDlg.h	/tmp/q3radiant-a-l-examination-NlGB5l/coverage.md
q3radiant/IBSPFrontend.h	/tmp/q3radiant-a-l-examination-NlGB5l/coverage.md
q3radiant/IEpairs.cpp	/tmp/q3radiant-a-l-examination-NlGB5l/coverage.md
q3radiant/IEpairs.h	/tmp/q3radiant-a-l-examination-NlGB5l/coverage.md
q3radiant/IMessaging.h	/tmp/q3radiant-a-l-examination-NlGB5l/coverage.md
q3radiant/IPluginEntities.h	/tmp/q3radiant-a-l-examination-NlGB5l/coverage.md
q3radiant/ISelectedFace.h	/tmp/q3radiant-a-l-examination-NlGB5l/coverage.md
q3radiant/IShaders.cpp	/tmp/q3radiant-a-l-examination-NlGB5l/coverage.md
q3radiant/IShaders.h	/tmp/q3radiant-a-l-examination-NlGB5l/coverage.md
q3radiant/LBMLIB.CPP	/tmp/q3radiant-a-l-examination-NlGB5l/coverage.md
q3radiant/LBMLIB.H	/tmp/q3radiant-a-l-examination-NlGB5l/coverage.md
q3radiant/LstToolBar.cpp	/tmp/q3radiant-a-l-examination-NlGB5l/coverage.md
q3radiant/LstToolBar.h	/tmp/q3radiant-a-l-examination-NlGB5l/coverage.md
q3radiant/MAP.CPP	/tmp/q3-radiant-mz-examination-vf4Rpm/coverage.tsv
q3radiant/MAP.H	/tmp/q3-radiant-mz-examination-vf4Rpm/coverage.tsv
q3radiant/MATHLIB.CPP	/tmp/q3-radiant-mz-examination-vf4Rpm/coverage.tsv
q3radiant/MATHLIB.H	/tmp/q3-radiant-mz-examination-vf4Rpm/coverage.tsv
q3radiant/MRU.CPP	/tmp/q3-radiant-mz-examination-vf4Rpm/coverage.tsv
q3radiant/MRU.H	/tmp/q3-radiant-mz-examination-vf4Rpm/coverage.tsv
q3radiant/MainFrm.cpp	/tmp/q3-radiant-mz-examination-vf4Rpm/coverage.tsv
q3radiant/MainFrm.h	/tmp/q3-radiant-mz-examination-vf4Rpm/coverage.tsv
q3radiant/MapInfo.cpp	/tmp/q3-radiant-mz-examination-vf4Rpm/coverage.tsv
q3radiant/MapInfo.h	/tmp/q3-radiant-mz-examination-vf4Rpm/coverage.tsv
q3radiant/Messaging.cpp	/tmp/q3-radiant-mz-examination-vf4Rpm/coverage.tsv
q3radiant/Messaging.h	/tmp/q3-radiant-mz-examination-vf4Rpm/coverage.tsv
q3radiant/NameDlg.cpp	/tmp/q3-radiant-mz-examination-vf4Rpm/coverage.tsv
q3radiant/NameDlg.h	/tmp/q3-radiant-mz-examination-vf4Rpm/coverage.tsv
q3radiant/NewProjDlg.cpp	/tmp/q3-radiant-mz-examination-vf4Rpm/coverage.tsv
q3radiant/NewProjDlg.h	/tmp/q3-radiant-mz-examination-vf4Rpm/coverage.tsv
q3radiant/PARSE.CPP	/tmp/q3-radiant-mz-examination-vf4Rpm/coverage.tsv
q3radiant/PARSE.H	/tmp/q3-radiant-mz-examination-vf4Rpm/coverage.tsv
q3radiant/PMESH.CPP	/tmp/q3-radiant-geometry-examination-uwZNZo/coverage.md
q3radiant/PMESH.H	/tmp/q3-radiant-mz-examination-vf4Rpm/coverage.tsv
q3radiant/POINTS.CPP	/tmp/q3-radiant-mz-examination-vf4Rpm/coverage.tsv
q3radiant/PatchDensityDlg.cpp	/tmp/q3-radiant-mz-examination-vf4Rpm/coverage.tsv
q3radiant/PatchDensityDlg.h	/tmp/q3-radiant-mz-examination-vf4Rpm/coverage.tsv
q3radiant/PatchDialog.cpp	/tmp/q3-radiant-mz-examination-vf4Rpm/coverage.tsv
q3radiant/PatchDialog.h	/tmp/q3-radiant-mz-examination-vf4Rpm/coverage.tsv
q3radiant/PlugIn.cpp	/tmp/q3-radiant-mz-examination-vf4Rpm/coverage.tsv
q3radiant/PlugIn.h	/tmp/q3-radiant-mz-examination-vf4Rpm/coverage.tsv
q3radiant/PlugInManager.cpp	/tmp/q3-radiant-mz-examination-vf4Rpm/coverage.tsv
q3radiant/PlugInManager.h	/tmp/q3-radiant-mz-examination-vf4Rpm/coverage.tsv
q3radiant/PluginEntities.cpp	/tmp/q3-radiant-mz-examination-vf4Rpm/coverage.tsv
q3radiant/PrefsDlg.cpp	/tmp/q3-radiant-mz-examination-vf4Rpm/coverage.tsv
q3radiant/PrefsDlg.h	/tmp/q3-radiant-mz-examination-vf4Rpm/coverage.tsv
q3radiant/QE3.CPP	/tmp/q3-radiant-mz-examination-vf4Rpm/coverage.tsv
q3radiant/QE3.H	/tmp/q3-radiant-mz-examination-vf4Rpm/coverage.tsv
q3radiant/QEDEFS.H	/tmp/q3-radiant-mz-examination-vf4Rpm/coverage.tsv
q3radiant/QERTYPES.H	/tmp/q3-radiant-mz-examination-vf4Rpm/coverage.tsv
q3radiant/QFILES.H	/tmp/q3-radiant-mz-examination-vf4Rpm/coverage.tsv
q3radiant/QGL.H	/tmp/q3-radiant-mz-examination-vf4Rpm/coverage.tsv
q3radiant/QGL_WIN.C	/tmp/q3-radiant-geometry-examination-uwZNZo/extension-coverage.md
q3radiant/QGL_WIN.CPP	/tmp/q3-radiant-geometry-examination-uwZNZo/extension-coverage.md
q3radiant/RADBSP.CPP	/tmp/q3-radiant-mz-examination-vf4Rpm/coverage.tsv
q3radiant/RADEditView.cpp	/tmp/q3-radiant-mz-examination-vf4Rpm/coverage.tsv
q3radiant/RADEditView.h	/tmp/q3-radiant-mz-examination-vf4Rpm/coverage.tsv
q3radiant/RADEditWnd.cpp	/tmp/q3-radiant-mz-examination-vf4Rpm/coverage.tsv
q3radiant/RADEditWnd.h	/tmp/q3-radiant-mz-examination-vf4Rpm/coverage.tsv
q3radiant/Radiant.cpp	/tmp/q3-radiant-mz-examination-vf4Rpm/coverage.tsv
q3radiant/Radiant.h	/tmp/q3-radiant-mz-examination-vf4Rpm/coverage.tsv
q3radiant/RadiantDoc.cpp	/tmp/q3-radiant-mz-examination-vf4Rpm/coverage.tsv
q3radiant/RadiantDoc.h	/tmp/q3-radiant-mz-examination-vf4Rpm/coverage.tsv
q3radiant/RadiantView.cpp	/tmp/q3-radiant-mz-examination-vf4Rpm/coverage.tsv
q3radiant/RadiantView.h	/tmp/q3-radiant-mz-examination-vf4Rpm/coverage.tsv
q3radiant/RotateDlg.cpp	/tmp/q3-radiant-mz-examination-vf4Rpm/coverage.tsv
q3radiant/RotateDlg.h	/tmp/q3-radiant-mz-examination-vf4Rpm/coverage.tsv
q3radiant/SELECT.CPP	/tmp/q3-radiant-mz-examination-vf4Rpm/coverage.tsv
q3radiant/SELECT.H	/tmp/q3-radiant-mz-examination-vf4Rpm/coverage.tsv
q3radiant/ScaleDialog.cpp	/tmp/q3-radiant-mz-examination-vf4Rpm/coverage.tsv
q3radiant/ScaleDialog.h	/tmp/q3-radiant-mz-examination-vf4Rpm/coverage.tsv
q3radiant/ScriptDlg.cpp	/tmp/q3-radiant-mz-examination-vf4Rpm/coverage.tsv
q3radiant/ScriptDlg.h	/tmp/q3-radiant-mz-examination-vf4Rpm/coverage.tsv
q3radiant/SelectedFace.cpp	/tmp/q3-radiant-mz-examination-vf4Rpm/coverage.tsv
q3radiant/ShaderEdit.cpp	/tmp/q3-radiant-mz-examination-vf4Rpm/coverage.tsv
q3radiant/ShaderEdit.h	/tmp/q3-radiant-mz-examination-vf4Rpm/coverage.tsv
q3radiant/ShaderInfo.cpp	/tmp/q3-radiant-mz-examination-vf4Rpm/coverage.tsv
q3radiant/ShaderInfo.h	/tmp/q3-radiant-mz-examination-vf4Rpm/coverage.tsv
q3radiant/StdAfx.cpp	/tmp/q3-radiant-mz-examination-vf4Rpm/coverage.tsv
q3radiant/StdAfx.h	/tmp/q3-radiant-mz-examination-vf4Rpm/coverage.tsv
q3radiant/SurfaceDlg.cpp	/tmp/q3-radiant-mz-examination-vf4Rpm/coverage.tsv
q3radiant/SurfaceDlg.h	/tmp/q3-radiant-mz-examination-vf4Rpm/coverage.tsv
q3radiant/SurfacePlugin.cpp	/tmp/q3-radiant-mz-examination-vf4Rpm/coverage.tsv
q3radiant/TexEdit.cpp	/tmp/q3-radiant-mz-examination-vf4Rpm/coverage.tsv
q3radiant/TexEdit.h	/tmp/q3-radiant-mz-examination-vf4Rpm/coverage.tsv
q3radiant/TexWnd.cpp	/tmp/q3-radiant-geometry-examination-uwZNZo/coverage.md
q3radiant/TexWnd.h	/tmp/q3-radiant-mz-examination-vf4Rpm/coverage.tsv
q3radiant/TextureBar.cpp	/tmp/q3-radiant-mz-examination-vf4Rpm/coverage.tsv
q3radiant/TextureBar.h	/tmp/q3-radiant-mz-examination-vf4Rpm/coverage.tsv
q3radiant/TextureLayout.cpp	/tmp/q3-radiant-mz-examination-vf4Rpm/coverage.tsv
q3radiant/TextureLayout.h	/tmp/q3-radiant-mz-examination-vf4Rpm/coverage.tsv
q3radiant/TextureLoad.cpp	/tmp/q3-radiant-mz-examination-vf4Rpm/coverage.tsv
q3radiant/TextureLoad.h	/tmp/q3-radiant-mz-examination-vf4Rpm/coverage.tsv
q3radiant/Textures.h	/tmp/q3-radiant-mz-examination-vf4Rpm/coverage.tsv
q3radiant/ToolWnd.cpp	/tmp/q3-radiant-mz-examination-vf4Rpm/coverage.tsv
q3radiant/ToolWnd.h	/tmp/q3-radiant-mz-examination-vf4Rpm/coverage.tsv
q3radiant/Undo.cpp	/tmp/q3-radiant-mz-examination-vf4Rpm/coverage.tsv
q3radiant/Undo.h	/tmp/q3-radiant-mz-examination-vf4Rpm/coverage.tsv
q3radiant/VERTSEL.CPP	/tmp/q3-radiant-mz-examination-vf4Rpm/coverage.tsv
q3radiant/VIEW.H	/tmp/q3-radiant-mz-examination-vf4Rpm/coverage.tsv
q3radiant/WIN_CAM.CPP	/tmp/q3-radiant-geometry-examination-uwZNZo/extension-coverage.md
q3radiant/WIN_DLG.CPP	/tmp/q3-radiant-geometry-examination-uwZNZo/extension-coverage.md
q3radiant/WIN_QE3.CPP	/tmp/q3-radiant-geometry-examination-uwZNZo/extension-coverage.md
q3radiant/WIN_XY.CPP	/tmp/q3-radiant-geometry-examination-uwZNZo/extension-coverage.md
q3radiant/WIN_Z.CPP	/tmp/q3-radiant-geometry-examination-uwZNZo/extension-coverage.md
q3radiant/WaveOpen.cpp	/tmp/q3-radiant-mz-examination-vf4Rpm/coverage.tsv
q3radiant/WaveOpen.h	/tmp/q3-radiant-mz-examination-vf4Rpm/coverage.tsv
q3radiant/Win_ent.cpp	/tmp/q3-radiant-geometry-examination-uwZNZo/extension-coverage.md
q3radiant/Win_main.cpp	/tmp/q3-radiant-geometry-examination-uwZNZo/extension-coverage.md
q3radiant/Winding.cpp	/tmp/q3-radiant-geometry-examination-uwZNZo/extension-coverage.md
q3radiant/Winding.h	/tmp/q3-radiant-geometry-examination-uwZNZo/extension-coverage.md
q3radiant/XY.H	/tmp/q3-radiant-mz-examination-vf4Rpm/coverage.tsv
q3radiant/XYWnd.cpp	/tmp/q3-radiant-geometry-examination-uwZNZo/coverage.md
q3radiant/XYWnd.h	/tmp/q3-radiant-geometry-examination-uwZNZo/extension-coverage.md
q3radiant/Z.CPP	/tmp/q3-radiant-geometry-examination-uwZNZo/extension-coverage.md
q3radiant/Z.H	/tmp/q3-radiant-mz-examination-vf4Rpm/coverage.tsv
q3radiant/ZView.cpp	/tmp/q3-radiant-geometry-examination-uwZNZo/extension-coverage.md
q3radiant/ZView.h	/tmp/q3-radiant-geometry-examination-uwZNZo/extension-coverage.md
q3radiant/ZWnd.cpp	/tmp/q3-radiant-geometry-examination-uwZNZo/extension-coverage.md
q3radiant/ZWnd.h	/tmp/q3-radiant-geometry-examination-uwZNZo/extension-coverage.md
q3radiant/brush_primit.cpp	/tmp/q3radiant-a-l-examination-NlGB5l/coverage.md
q3radiant/cameratargetdlg.cpp	/tmp/q3radiant-a-l-examination-NlGB5l/coverage.md
q3radiant/cameratargetdlg.h	/tmp/q3radiant-a-l-examination-NlGB5l/coverage.md
q3radiant/cbrushstub.cpp	/tmp/q3radiant-a-l-examination-NlGB5l/coverage.md
q3radiant/dlgcamera.cpp	/tmp/q3radiant-a-l-examination-NlGB5l/coverage.md
q3radiant/dlgcamera.h	/tmp/q3radiant-a-l-examination-NlGB5l/coverage.md
q3radiant/igl.h	/tmp/q3radiant-a-l-examination-NlGB5l/coverage.md
q3radiant/iscriplib.h	/tmp/q3radiant-a-l-examination-NlGB5l/coverage.md
q3radiant/isurfaceplugin.h	/tmp/q3radiant-a-l-examination-NlGB5l/coverage.md
q3radiant/qerplugin.h	/tmp/q3-radiant-geometry-examination-uwZNZo/extension-coverage.md
q3radiant/resource.h	/tmp/q3-radiant-geometry-examination-uwZNZo/extension-coverage.md
q3radiant/splines/math_angles.cpp	/tmp/q3-radiant-mz-examination-vf4Rpm/coverage.tsv
q3radiant/splines/math_angles.h	/tmp/q3-radiant-mz-examination-vf4Rpm/coverage.tsv
q3radiant/splines/math_matrix.cpp	/tmp/q3-radiant-mz-examination-vf4Rpm/coverage.tsv
q3radiant/splines/math_matrix.h	/tmp/q3-radiant-mz-examination-vf4Rpm/coverage.tsv
q3radiant/splines/math_quaternion.cpp	/tmp/q3-radiant-mz-examination-vf4Rpm/coverage.tsv
q3radiant/splines/math_quaternion.h	/tmp/q3-radiant-mz-examination-vf4Rpm/coverage.tsv
q3radiant/splines/math_vector.cpp	/tmp/q3-radiant-mz-examination-vf4Rpm/coverage.tsv
q3radiant/splines/math_vector.h	/tmp/q3-radiant-mz-examination-vf4Rpm/coverage.tsv
q3radiant/splines/q_parse.cpp	/tmp/q3-radiant-mz-examination-vf4Rpm/coverage.tsv
q3radiant/splines/q_shared.cpp	/tmp/q3-radiant-mz-examination-vf4Rpm/coverage.tsv
q3radiant/splines/q_shared.h	/tmp/q3-radiant-mz-examination-vf4Rpm/coverage.tsv
q3radiant/splines/splines.cpp	/tmp/q3-radiant-mz-examination-vf4Rpm/coverage.tsv
q3radiant/splines/splines.h	/tmp/q3-radiant-mz-examination-vf4Rpm/coverage.tsv
q3radiant/splines/util_list.h	/tmp/q3-radiant-mz-examination-vf4Rpm/coverage.tsv
q3radiant/splines/util_str.cpp	/tmp/q3-radiant-mz-examination-vf4Rpm/coverage.tsv
q3radiant/splines/util_str.h	/tmp/q3-radiant-mz-examination-vf4Rpm/coverage.tsv
q3radiant/terrain.cpp	/tmp/q3-radiant-geometry-examination-uwZNZo/extension-coverage.md
q3radiant/terrain.h	/tmp/q3-radiant-geometry-examination-uwZNZo/extension-coverage.md
ui/menudef.h	/tmp/quake3-vm-declarations-6FJhXf/ledger.json
